tract_id,ward,partial,blocks,housing,housing_percent,pop,pop_percent
17031010100,49,0,31,2624,1,4854,1
17031010201,49,0,67,2941,1,6450,1
17031010202,49,0,25,1218,1,2818,1
17031010300,49,0,49,3254,1,6236,1
17031010400,49,0,31,2311,1,5042,1
17031010501,49,0,24,2601,1,4091,1
17031010502,49,0,24,1978,1,3101,1
17031010503,49,0,30,1364,1,2290,1
17031010600,49,0,60,3227,1,6097,1
17031010701,49,0,37,1650,1,3864,1
17031010702,49,0,39,2177,1,5143,1
17031020100,49,1,21,1120,0.673,2608,0.658
17031020100,50,1,14,545,0.327,1357,0.342
17031020200,50,0,124,2165,1,6676,1
17031020301,50,0,49,2207,1,4750,1
17031020302,50,0,65,1846,1,4650,1
17031020400,50,0,54,1831,1,4168,1
17031020500,50,0,49,2388,1,6214,1
17031020601,50,0,71,2147,1,6353,1
17031020602,50,0,56,1501,1,4340,1
17031020701,40,0,54,736,1,1704,1
17031020702,50,0,79,2510,1,7194,1
17031020801,40,0,80,2244,1,5458,1
17031020802,40,1,37,1041,0.433,2838,0.408
17031020802,50,1,41,1361,0.567,4125,0.592
17031020901,40,1,20,664,0.314,1653,0.317
17031020901,50,1,24,1449,0.686,3568,0.683
17031020902,40,0,41,1711,1,4286,1
17031030101,48,0,10,2569,1,3893,1
17031030102,48,0,11,2107,1,3204,1
17031030103,48,0,11,1253,1,1928,1
17031030104,48,0,12,1357,1,3681,1
17031030200,48,0,73,2726,1,5369,1
17031030300,40,0,40,1521,1,3322,1
17031030400,40,0,42,1367,1,2684,1
17031030500,48,0,70,3245,1,6395,1
17031030601,48,0,12,2377,1,4012,1
17031030603,48,0,10,1556,1,2095,1
17031030604,48,0,11,2217,1,2976,1
17031030701,48,0,6,967,1,1549,1
17031030702,48,0,3,1156,1,1630,1
17031030703,48,0,17,1961,1,2830,1
17031030706,48,0,17,2694,1,3599,1
17031030800,48,0,62,2244,1,4326,1
17031030900,40,0,68,1572,1,3028,1
17031031000,40,1,15,629,0.295,1253,0.343
17031031000,47,1,29,1504,0.705,2403,0.657
17031031100,46,1,5,191,0.076,311,0.071
17031031100,47,1,21,2311,0.924,4091,0.929
17031031200,46,1,7,1080,0.356,2345,0.415
17031031200,48,1,21,1954,0.644,3303,0.585
17031031300,46,1,5,973,0.227,1957,0.277
17031031300,48,1,25,3312,0.773,5119,0.723
17031031400,46,0,36,3513,1,5150,1
17031031501,46,0,18,1986,1,4083,1
17031031502,46,0,18,2459,1,4354,1
17031031700,46,0,38,3908,1,6570,1
17031031800,47,0,17,1016,1,1820,1
17031031900,47,0,21,1319,1,2304,1
17031032100,46,0,25,4539,1,7052,1
17031040100,40,0,78,1913,1,3985,1
17031040201,40,0,84,3097,1,6218,1
17031040202,40,0,77,3207,1,7249,1
17031040300,40,0,52,1170,1,3069,1
17031040401,40,1,40,1069,0.727,2285,0.739
17031040401,47,1,16,401,0.273,807,0.261
17031040402,40,1,29,1558,0.604,2697,0.604
17031040402,47,1,16,1020,0.396,1771,0.396
17031040600,47,0,52,1350,1,2434,1
17031040700,40,1,23,1066,0.63,1886,0.604
17031040700,47,1,20,626,0.37,1237,0.396
17031040800,47,0,26,819,1,1514,1
17031040900,47,0,32,1140,1,1950,1
17031050100,47,0,40,1222,1,2290,1
17031050200,47,0,88,2468,1,4837,1
17031050300,47,0,38,1152,1,2365,1
17031050500,47,0,83,2326,1,4754,1
17031050600,47,0,51,1157,1,2071,1
17031050700,32,1,6,171,0.239,358,0.252
17031050700,47,1,15,543,0.761,1060,0.748
17031050800,32,1,12,337,0.553,722,0.56
17031050800,47,1,13,272,0.447,567,0.44
17031050900,32,1,12,364,0.503,702,0.505
17031050900,47,1,13,360,0.497,689,0.495
17031051000,32,1,27,779,1,1503,1
17031051000,47,1,3,0,0,0,0
17031051100,32,0,26,743,1,1556,1
17031051200,32,1,10,374,0.526,855,0.564
17031051200,47,1,15,337,0.474,661,0.436
17031051300,32,0,40,1187,1,2683,1
17031051400,1,1,1,382,0.272,181,0.087
17031051400,32,1,33,1024,0.728,1896,0.913
17031060100,47,0,33,1346,1,2569,1
17031060200,47,0,24,1175,1,2111,1
17031060300,47,0,51,1408,1,2839,1
17031060400,44,1,29,1057,0.631,2109,0.626
17031060400,47,1,17,618,0.369,1261,0.374
17031060500,44,1,7,293,0.367,608,0.464
17031060500,46,1,2,27,0.034,113,0.086
17031060500,47,1,2,479,0.599,588,0.449
17031060800,46,0,13,3589,1,4837,1
17031060900,46,0,25,5219,1,6867,1
17031061000,44,1,9,426,0.449,743,0.451
17031061000,46,1,6,522,0.551,904,0.549
17031061100,44,0,19,753,1,1379,1
17031061200,44,0,21,960,1,1889,1
17031061500,44,0,20,925,1,1707,1
17031061800,46,0,3,754,1,1112,1
17031061901,44,1,15,2186,0.88,3047,0.888
17031061901,46,1,2,298,0.12,386,0.112
17031061902,44,1,24,3173,0.944,4041,0.953
17031061902,46,1,2,188,0.056,199,0.047
17031062000,44,0,14,1665,1,2569,1
17031062100,44,0,29,2105,1,3436,1
17031062200,44,0,36,1548,1,2870,1
17031062300,44,0,27,756,1,1513,1
17031062400,44,0,21,805,1,1421,1
17031062500,47,0,19,872,1,1497,1
17031062600,32,0,29,1021,1,2226,1
17031062700,32,0,44,1361,1,2724,1
17031062800,32,0,44,1719,1,3506,1
17031062900,44,0,51,2117,1,3976,1
17031063000,44,0,36,1913,1,2973,1
17031063100,44,0,12,1453,1,2173,1
17031063200,44,0,32,4601,1,6345,1
17031063301,44,0,9,1986,1,2641,1
17031063302,44,0,12,3191,1,3996,1
17031063303,44,0,9,1095,1,1201,1
17031063400,44,0,12,1357,1,2180,1
17031070101,43,0,22,2967,1,3796,1
17031070102,43,0,10,1963,1,2413,1
17031070103,43,0,5,1417,1,1709,1
17031070200,43,0,27,2338,1,3900,1
17031070300,43,0,46,1903,1,3367,1
17031070400,43,0,50,1700,1,2984,1
17031070500,2,1,4,356,0.249,774,0.264
17031070500,32,1,11,375,0.262,807,0.276
17031070500,43,1,19,698,0.488,1347,0.46
17031070600,2,1,17,500,0.354,1000,0.335
17031070600,32,1,23,914,0.646,1981,0.665
17031070700,1,1,2,525,0.253,314,0.09
17031070700,32,1,33,1552,0.747,3167,0.91
17031071000,43,0,42,1266,1,4442,1
17031071100,43,0,47,1274,1,2944,1
17031071200,43,0,29,1091,1,1906,1
17031071300,43,0,31,2045,1,3513,1
17031071400,43,0,27,3279,1,4570,1
17031071500,2,1,12,1167,0.271,1452,0.252
17031071500,27,1,3,127,0.029,229,0.04
17031071500,43,1,50,3015,0.7,4087,0.709
17031071600,43,0,17,834,1,1783,1
17031071700,2,1,4,103,0.132,226,0.137
17031071700,43,1,15,680,0.868,1426,0.863
17031071800,2,1,7,503,0.404,1058,0.4
17031071800,43,1,10,741,0.596,1588,0.6
17031080100,43,0,46,4652,1,6013,1
17031080201,2,0,17,2694,1,3287,1
17031080202,2,0,13,2764,1,3498,1
17031080300,2,1,9,1418,0.497,1905,0.441
17031080300,27,1,24,1436,0.503,2410,0.559
17031080400,2,1,18,777,0.372,1509,0.35
17031080400,27,1,11,1312,0.628,2808,0.65
17031081000,2,1,29,3694,0.701,5819,0.771
17031081000,27,1,7,1574,0.299,1727,0.229
17031081100,2,0,13,3053,1,3640,1
17031081201,2,1,2,634,0.181,1217,0.3
17031081201,42,1,22,2862,0.819,2842,0.7
17031081202,2,1,8,1636,0.716,2175,0.726
17031081202,42,1,5,649,0.284,820,0.274
17031081202,43,1,6,0,0,0,0
17031081300,2,0,25,4229,1,4884,1
17031081401,2,1,5,575,0.311,622,0.273
17031081401,42,1,21,1272,0.689,1657,0.727
17031081402,42,0,20,3504,1,4243,1
17031081403,42,0,54,5284,1,6229,1
17031081500,42,0,37,4015,1,4379,1
17031081600,2,1,3,720,0.231,752,0.212
17031081600,42,1,13,2395,0.769,2793,0.788
17031081700,2,1,11,862,0.363,1092,0.352
17031081700,42,1,56,1515,0.637,2010,0.648
17031081800,2,1,1,260,0.048,364,0.053
17031081800,27,1,16,32,0.006,55,0.008
17031081800,42,1,89,5077,0.946,6447,0.939
17031081900,27,1,10,651,0.708,668,0.634
17031081900,42,1,2,269,0.292,385,0.366
17031090100,41,0,114,1444,1,3405,1
17031090200,41,1,148,2968,0.983,6477,0.987
17031090300,41,1,40,552,0.958,1305,0.951
17031100100,39,1,80,1117,0.466,2514,0.473
17031100100,45,1,79,1279,0.534,2799,0.527
17031100200,41,0,156,2965,1,6749,1
17031100300,41,0,136,2825,1,6177,1
17031100400,41,0,48,1258,1,3066,1
17031100500,41,0,159,2331,1,5779,1
17031100600,41,1,136,1255,0.635,3087,0.639
17031100600,45,1,52,721,0.365,1745,0.361
17031100700,41,1,61,1259,0.646,3060,0.634
17031100700,45,1,39,689,0.354,1766,0.366
17031110100,39,1,45,899,0.403,2217,0.422
17031110100,45,1,78,1334,0.597,3037,0.578
17031110200,45,0,52,1241,1,2828,1
17031110300,45,0,144,2053,1,5161,1
17031110400,45,0,99,1989,1,4352,1
17031110501,45,0,97,1881,1,4639,1
17031110502,45,0,62,1608,1,3214,1
17031120100,39,1,14,53,0.034,130,0.031
17031120100,41,1,90,1521,0.966,4068,0.969
17031120200,39,1,66,953,0.531,2373,0.536
17031120200,41,1,61,843,0.469,2057,0.464
17031120300,39,0,169,2467,1,6365,1
17031120400,39,1,48,594,0.442,1530,0.435
17031120400,45,1,34,751,0.558,1985,0.565
17031130100,39,1,36,1265,0.611,2719,0.53
17031130100,50,1,72,807,0.389,2414,0.47
17031130200,39,0,42,671,1,1412,1
17031130300,39,0,77,1928,1,5064,1
17031140100,33,0,24,1269,1,3729,1
17031140200,33,1,42,1852,0.971,5314,0.891
17031140200,39,1,6,55,0.029,651,0.109
17031140301,35,1,18,600,0.656,2017,0.698
17031140301,39,1,6,314,0.344,874,0.302
17031140302,33,1,4,204,0.143,627,0.144
17031140302,39,1,40,1224,0.857,3718,0.856
17031140400,39,0,123,2342,1,6805,1
17031140500,39,0,64,1337,1,3679,1
17031140601,35,0,30,916,1,2786,1
17031140602,35,0,41,1797,1,5397,1
17031140701,33,0,27,1131,1,2933,1
17031140702,33,1,39,1602,0.755,4732,0.765
17031140702,35,1,12,520,0.245,1455,0.235
17031140800,33,0,100,2819,1,6825,1
17031150200,45,0,155,3331,1,7540,1
17031150300,38,1,81,1995,0.638,4964,0.69
17031150300,45,1,43,1134,0.362,2234,0.31
17031150401,38,1,54,1032,0.525,2676,0.558
17031150401,45,1,29,935,0.475,2117,0.442
17031150402,38,0,76,1461,1,3886,1
17031150501,38,0,42,1452,1,3648,1
17031150502,38,0,46,1614,1,4205,1
17031150600,36,1,27,506,0.328,1588,0.381
17031150600,38,1,46,1037,0.672,2575,0.619
17031150700,30,1,8,229,0.14,686,0.149
17031150700,36,1,18,293,0.179,915,0.199
17031150700,38,1,32,868,0.531,2341,0.508
17031150700,45,1,11,246,0.15,666,0.145
17031150800,30,1,28,632,0.334,1945,0.368
17031150800,45,1,45,1258,0.666,3335,0.632
17031151001,31,0,18,1004,1,2819,1
17031151002,30,1,29,554,0.321,1343,0.294
17031151002,31,1,26,1172,0.679,3224,0.706
17031151100,30,1,37,1043,0.542,2960,0.542
17031151100,31,1,10,439,0.228,1180,0.216
17031151100,36,1,20,443,0.23,1318,0.241
17031151200,30,1,16,332,0.251,975,0.251
17031151200,36,1,47,992,0.749,2909,0.749
17031160100,39,0,46,1032,1,2485,1
17031160200,39,1,35,800,0.574,1942,0.564
17031160200,45,1,31,594,0.426,1501,0.436
17031160300,39,1,34,2017,0.998,3770,0.996
17031160300,45,1,3,5,0.002,15,0.004
17031160400,35,1,29,868,0.422,2244,0.471
17031160400,39,1,38,628,0.305,1496,0.314
17031160400,45,1,23,563,0.273,1028,0.216
17031160501,33,1,19,778,0.526,2123,0.507
17031160501,35,1,20,702,0.474,2065,0.493
17031160502,33,1,21,622,0.447,1450,0.408
17031160502,35,1,20,768,0.553,2100,0.592
17031160601,33,0,38,1461,1,3490,1
17031160602,33,0,42,1602,1,3589,1
17031160700,33,0,79,2414,1,5893,1
17031160800,33,1,33,989,0.491,2473,0.48
17031160800,35,1,42,1026,0.509,2675,0.52
17031160900,30,1,22,252,0.234,592,0.246
17031160900,45,1,46,827,0.766,1813,0.754
17031161000,45,0,40,872,1,1707,1
17031161100,45,0,37,879,1,1861,1
17031161200,30,0,45,1052,1,2930,1
17031161300,30,0,78,1669,1,4117,1
17031170100,38,0,10,1089,1,1752,1
17031170200,36,1,27,512,0.396,1538,0.395
17031170200,38,1,36,781,0.604,2354,0.605
17031170300,38,0,90,1952,1,5129,1
17031170400,38,0,93,1558,1,3870,1
17031170500,38,0,113,2026,1,4980,1
17031170600,38,0,74,981,1,2498,1
17031170700,38,0,66,1203,1,2980,1
17031170800,29,1,27,657,0.449,1653,0.444
17031170800,38,1,40,805,0.551,2068,0.556
17031170900,29,0,30,661,1,1713,1
17031171000,29,1,17,275,0.1,720,0.099
17031171000,36,1,61,1033,0.375,2768,0.38
17031171000,38,1,71,1444,0.525,3799,0.521
17031171100,30,1,12,242,0.177,715,0.174
17031171100,36,1,56,1129,0.823,3395,0.826
17031180100,29,1,38,854,0.394,2275,0.37
17031180100,36,1,79,1316,0.606,3881,0.63
17031190100,31,0,26,823,1,2488,1
17031190200,30,1,2,48,0.028,199,0.034
17031190200,31,1,67,1643,0.972,5654,0.966
17031190300,30,1,8,210,0.107,567,0.098
17031190300,31,1,76,1744,0.893,5227,0.902
17031190401,30,1,53,954,0.738,3251,0.764
17031190401,36,1,18,339,0.262,1006,0.236
17031190402,30,1,62,1350,0.795,4410,0.808
17031190402,31,1,17,349,0.205,1048,0.192
17031190601,30,0,54,1267,1,4545,1
17031190602,30,0,77,1495,1,5516,1
17031190701,30,1,15,456,0.519,1579,0.534
17031190701,31,1,15,422,0.481,1376,0.466
17031190702,30,1,32,1003,0.658,3294,0.677
17031190702,31,1,16,522,0.342,1575,0.323
17031190800,31,0,80,2034,1,6632,1
17031190900,31,0,35,690,1,2040,1
17031191000,31,1,3,35,0.048,106,0.041
17031191000,36,1,46,690,0.952,2453,0.959
17031191100,31,1,3,24,0.011,88,0.012
17031191100,36,1,83,2115,0.989,7326,0.988
17031191200,36,1,36,1082,0.996,3845,0.998
17031191200,37,1,4,4,0.004,8,0.002
17031191301,29,1,2,1,0.001,1,0
17031191301,36,1,74,1531,0.999,5396,1
17031191302,29,1,3,0,0,0,0
17031191302,36,1,68,1461,1,5034,1
17031200100,31,0,72,1409,1,4354,1
17031200200,31,0,68,1765,1,5427,1
17031200300,31,1,19,463,0.704,1512,0.684
17031200300,35,1,11,195,0.296,697,0.316
17031200401,35,1,21,554,0.529,1834,0.509
17031200401,36,1,19,494,0.471,1769,0.491
17031200402,26,1,11,392,0.293,1232,0.28
17031200402,35,1,33,947,0.707,3164,0.72
17031210100,33,1,73,1579,0.964,3839,0.953
17031210100,35,1,2,59,0.036,189,0.047
17031210400,31,0,32,1078,1,3035,1
17031210501,30,0,44,1574,1,3900,1
17031210502,30,0,41,1709,1,4486,1
17031210601,35,0,34,1132,1,3104,1
17031210602,35,0,49,1754,1,4683,1
17031210700,33,0,66,1738,1,4309,1
17031210800,33,0,27,443,1,1196,1
17031210900,32,1,2,140,0.107,303,0.099
17031210900,33,1,66,1169,0.893,2765,0.901
17031220300,1,1,11,249,0.238,524,0.249
17031220300,32,1,42,797,0.762,1578,0.751
17031220400,1,1,9,224,0.183,483,0.194
17031220400,32,1,41,1003,0.817,2012,0.806
17031220500,32,0,55,1339,1,2626,1
17031220601,32,1,3,223,0.282,363,0.206
17031220601,35,1,24,569,0.718,1403,0.794
17031220602,32,1,4,165,0.062,293,0.058
17031220602,35,1,62,2488,0.938,4771,0.942
17031220701,31,0,37,1205,1,3437,1
17031220702,31,1,45,1067,0.686,2608,0.642
17031220702,35,1,15,488,0.314,1452,0.358
17031220901,26,1,20,745,0.644,2243,0.641
17031220901,35,1,11,411,0.356,1255,0.359
17031220902,35,0,45,1118,1,3371,1
17031221000,26,1,8,231,0.211,659,0.225
17031221000,35,1,24,863,0.789,2264,0.775
17031221100,26,1,41,1107,0.529,2566,0.527
17031221100,32,1,17,419,0.2,1023,0.21
17031221100,35,1,20,565,0.27,1281,0.263
17031221200,26,1,3,151,0.115,279,0.098
17031221200,32,1,36,1165,0.885,2581,0.902
17031221300,1,0,47,1403,1,3222,1
17031221400,1,0,38,1288,1,3020,1
17031221500,1,0,63,1542,1,2829,1
17031221600,32,0,74,1556,1,2969,1
17031222200,32,0,43,963,1,1912,1
17031222500,1,0,17,557,1,1410,1
17031222600,1,0,30,783,1,1602,1
17031222700,1,1,24,824,0.898,2009,0.899
17031222700,26,1,8,94,0.102,226,0.101
17031222800,1,1,11,390,0.94,1001,0.932
17031222800,26,1,4,25,0.06,73,0.068
17031222900,1,1,15,312,0.755,953,0.766
17031222900,26,1,11,101,0.245,291,0.234
17031230100,26,0,28,661,1,1623,1
17031230200,26,0,26,690,1,2107,1
17031230300,26,0,12,303,1,1024,1
17031230400,26,0,34,784,1,2609,1
17031230500,26,1,35,1161,0.979,3488,0.977
17031230500,36,1,6,0,0,1,0
17031230500,37,1,7,25,0.021,81,0.023
17031230600,26,1,69,1341,0.588,4072,0.597
17031230600,37,1,31,941,0.412,2746,0.403
17031230700,26,1,79,1780,0.873,5557,0.873
17031230700,27,1,4,80,0.039,235,0.037
17031230700,37,1,7,180,0.088,572,0.09
17031230800,26,0,16,405,1,1314,1
17031230900,26,0,59,2091,1,5399,1
17031231100,26,1,1,0,0,0,0
17031231100,27,1,18,442,1,1236,1
17031231200,26,1,1,0,0,0,0
17031231200,27,1,50,1541,0.645,3936,0.646
17031231200,37,1,30,849,0.355,2159,0.354
17031231500,27,1,104,2065,0.821,4772,0.79
17031231500,37,1,33,449,0.179,1267,0.21
17031240200,32,0,30,840,1,1452,1
17031240300,2,1,14,223,0.317,414,0.314
17031240300,32,1,23,480,0.683,903,0.686
17031240500,2,1,6,271,0.217,454,0.202
17031240500,32,1,22,978,0.783,1797,0.798
17031240600,1,0,22,657,1,1457,1
17031240700,1,0,23,632,1,1535,1
17031240800,1,1,19,720,1,1617,1
17031240800,26,1,2,0,0,0,0
17031240900,26,0,38,548,1,1182,1
17031241000,1,1,21,672,0.766,1619,0.791
17031241000,26,1,5,205,0.234,428,0.209
17031241100,1,1,24,932,0.535,1940,0.527
17031241100,26,1,20,810,0.465,1742,0.473
17031241200,1,0,31,843,1,1696,1
17031241300,2,0,26,829,1,1857,1
17031241400,1,0,70,2546,1,4595,1
17031241500,1,1,6,197,0.137,364,0.127
17031241500,2,1,47,1240,0.863,2508,0.873
17031241600,2,0,30,1809,1,3477,1
17031242000,1,1,22,1158,0.487,2204,0.483
17031242000,2,1,16,850,0.358,1589,0.348
17031242000,27,1,2,368,0.155,772,0.169
17031242100,1,0,58,1880,1,3648,1
17031242200,1,1,25,662,0.346,1316,0.367
17031242200,2,1,28,1250,0.654,2274,0.633
17031242300,2,0,61,1803,1,3240,1
17031242400,1,1,28,980,0.596,1613,0.584
17031242400,2,1,19,663,0.404,1151,0.416
17031242500,1,1,13,499,0.295,1049,0.305
17031242500,26,1,25,1194,0.705,2389,0.695
17031242600,1,1,12,641,0.23,1436,0.246
17031242600,26,1,43,2143,0.77,4395,0.754
17031242700,26,1,20,820,1,2029,1
17031242700,27,1,2,0,0,0,0
17031242800,26,1,35,693,0.959,1397,0.973
17031242800,27,1,12,30,0.041,39,0.027
17031242900,1,1,9,326,0.354,546,0.327
17031242900,26,1,27,578,0.628,1102,0.66
17031242900,27,1,10,17,0.018,22,0.013
17031243000,1,1,8,386,0.348,767,0.348
17031243000,26,1,18,714,0.644,1419,0.644
17031243000,27,1,5,9,0.008,18,0.008
17031243100,1,1,25,975,0.966,2163,0.965
17031243100,27,1,8,34,0.034,79,0.035
17031243200,1,1,32,1042,0.981,2135,0.984
17031243200,27,1,9,20,0.019,35,0.016
17031243300,1,1,26,773,0.608,1507,0.632
17031243300,27,1,16,499,0.392,879,0.368
17031243400,1,1,26,940,0.628,1848,0.616
17031243400,27,1,37,558,0.372,1153,0.384
17031243500,27,0,93,1744,1,2937,1
17031250200,37,0,42,923,1,2669,1
17031250300,29,1,1,0,0,0,0
17031250300,37,1,71,1861,1,4725,1
17031250400,29,1,93,2225,1,5887,1
17031250400,37,1,2,0,0,0,0
17031250500,29,1,174,2843,0.979,7419,0.984
17031250500,36,1,3,61,0.021,119,0.016
17031250600,29,0,76,1454,1,4422,1
17031250700,37,0,83,2338,1,6098,1
17031250800,37,0,39,900,1,2488,1
17031251000,37,0,36,418,1,1181,1
17031251100,37,0,54,1812,1,4302,1
17031251200,37,0,76,1340,1,4196,1
17031251300,29,0,70,1938,1,4921,1
17031251400,29,0,72,1781,1,3983,1
17031251500,37,0,70,1685,1,4784,1
17031251600,28,1,2,25,0.018,45,0.012
17031251600,37,1,46,1390,0.982,3604,0.988
17031251700,28,1,35,257,0.5,746,0.499
17031251700,37,1,17,257,0.5,749,0.501
17031251800,28,0,86,2095,1,5112,1
17031251900,28,1,30,853,0.367,2409,0.42
17031251900,29,1,14,803,0.345,1691,0.295
17031251900,37,1,30,671,0.288,1631,0.285
17031252000,29,0,68,2643,1,5719,1
17031252101,29,0,30,716,1,1370,1
17031252102,29,0,56,2384,1,6438,1
17031252201,28,1,20,770,0.7,2126,0.72
17031252201,29,1,8,330,0.3,827,0.28
17031252202,24,1,9,188,0.099,436,0.095
17031252202,28,1,43,1227,0.645,3054,0.663
17031252202,29,1,10,487,0.256,1119,0.243
17031260100,28,1,15,811,0.885,981,0.786
17031260100,37,1,7,105,0.115,267,0.214
17031260200,28,0,29,553,1,1136,1
17031260300,28,0,31,728,1,1564,1
17031260400,28,0,41,565,1,1271,1
17031260500,28,0,45,801,1,1934,1
17031260600,24,1,3,0,0,0,0
17031260600,28,1,32,1009,1,2478,1
17031260700,24,1,6,0,0,0,0
17031260700,28,1,31,823,1,2032,1
17031260800,24,1,4,0,0,0,0
17031260800,28,1,37,1091,1,2539,1
17031260900,24,0,25,625,1,1480,1
17031261000,24,0,74,993,1,2319,1
17031270500,24,1,29,516,0.707,1227,0.726
17031270500,28,1,20,214,0.293,462,0.274
17031271200,28,0,46,495,1,1170,1
17031271300,24,1,4,0,0,0,0
17031271300,28,1,30,437,1,1045,1
17031271400,24,1,3,0,0,0,0
17031271400,28,1,31,650,1,1527,1
17031271500,24,0,17,576,1,1397,1
17031271800,28,0,24,381,1,970,1
17031280100,27,1,7,70,0.02,117,0.024
17031280100,42,1,64,3404,0.98,4755,0.976
17031280400,27,0,44,569,1,1366,1
17031280800,27,0,22,328,1,755,1
17031280900,27,0,8,385,1,942,1
17031281900,27,1,12,177,0.048,191,0.039
17031281900,42,1,38,3536,0.952,4653,0.961
17031282700,28,0,50,1021,1,2349,1
17031282800,28,0,21,779,1,1691,1
17031283100,28,0,17,1389,1,2703,1
17031283200,28,0,20,717,1,1664,1
17031283800,11,1,8,995,0.578,1911,0.518
17031283800,25,1,9,727,0.422,1777,0.482
17031290900,24,0,94,1831,1,4530,1
17031291200,24,0,34,968,1,2240,1
17031291600,24,1,18,385,1,1055,1
17031291600,28,1,2,0,0,0,0
17031292200,24,0,48,1225,1,2961,1
17031292400,24,0,50,962,1,2268,1
17031292500,24,0,79,1610,1,4140,1
17031300500,22,0,33,1003,1,3257,1
17031300600,22,0,37,953,1,3212,1
17031300700,22,0,40,1543,1,5194,1
17031300800,12,1,29,1141,0.809,3676,0.797
17031300800,22,1,12,269,0.191,934,0.203
17031300900,12,0,39,1537,1,5050,1
17031301100,12,1,19,872,0.94,2545,0.972
17031301100,24,1,6,56,0.06,72,0.028
17031301200,12,1,28,948,0.676,2777,0.692
17031301200,24,1,13,455,0.324,1235,0.308
17031301200,28,1,1,0,0,0,0
17031301600,22,0,34,1376,1,4654,1
17031301701,22,0,35,1247,1,4381,1
17031301702,22,0,29,1141,1,4045,1
17031301801,22,0,51,1158,1,4005,1
17031301802,22,0,55,1059,1,3518,1
17031301803,22,0,39,1472,1,5357,1
17031310200,11,1,56,653,0.969,1302,0.975
17031310200,25,1,2,21,0.031,34,0.025
17031310300,11,1,16,226,0.302,388,0.229
17031310300,25,1,31,523,0.698,1309,0.771
17031310400,25,0,22,595,1,1332,1
17031310500,25,0,33,656,1,1700,1
17031310600,25,0,67,2462,1,5868,1
17031310700,25,0,23,713,1,1692,1
17031310800,25,0,38,1641,1,4516,1
17031310900,25,0,42,1872,1,5123,1
17031320100,42,0,103,8649,1,10848,1
17031320400,4,1,6,7,0.007,1593,0.633
17031320400,42,1,39,931,0.993,925,0.367
17031320600,4,1,30,2864,1,4256,1
17031320600,42,1,3,0,0,0,0
17031330100,3,1,80,11681,1,16735,1
17031330100,4,1,57,0,0,0,0
17031330200,25,1,13,0,0,0,0
17031330200,3,1,31,1918,1,3806,1
17031340300,11,0,41,735,1,1786,1
17031340400,11,0,36,755,1,1900,1
17031340500,11,0,43,918,1,1544,1
17031340600,11,1,11,1,0.002,1,0.001
17031340600,3,1,21,449,0.998,906,0.999
17031350100,4,0,25,1661,1,2144,1
17031350400,3,0,11,665,1,389,1
17031351000,4,0,29,2158,1,3267,1
17031351100,4,0,17,848,1,1960,1
17031351400,3,0,36,765,1,1437,1
17031351500,3,0,11,144,1,255,1
17031360200,4,0,16,660,1,1443,1
17031380100,4,0,37,1174,1,1924,1
17031380200,3,0,22,1204,1,1680,1
17031380500,3,0,9,292,1,752,1
17031380700,3,0,18,598,1,1243,1
17031381200,3,1,35,1080,0.927,2009,0.927
17031381200,4,1,2,85,0.073,158,0.073
17031381400,3,0,24,809,1,1612,1
17031381500,3,0,8,290,1,237,1
17031381700,3,0,2,0,0,0,0
17031381800,3,0,23,757,1,1188,1
17031381900,3,1,10,225,0.355,502,0.388
17031381900,4,1,9,409,0.645,793,0.612
17031390100,4,0,19,593,1,1268,1
17031390200,4,0,22,909,1,1840,1
17031390300,4,0,26,1649,1,2743,1
17031390400,4,0,24,1654,1,2934,1
17031390500,4,0,10,847,1,1598,1
17031390600,4,0,18,930,1,1866,1
17031390700,4,1,21,1578,0.423,2331,0.417
17031390700,5,1,21,2151,0.577,3261,0.583
17031400300,20,1,14,0,0,2,0.001
17031400300,3,1,19,665,1,1565,0.999
17031400300,4,1,2,0,0,0,0
17031400400,20,1,25,909,0.992,1922,0.983
17031400400,3,1,4,7,0.008,33,0.017
17031400500,20,1,24,1018,0.998,2252,0.997
17031400500,3,1,3,2,0.002,6,0.003
17031400800,20,0,24,1332,1,2701,1
17031410100,4,1,5,429,0.345,648,0.36
17031410100,5,1,8,813,0.655,1154,0.64
17031410200,4,0,6,736,1,1443,1
17031410500,5,0,21,1463,1,2557,1
17031410600,5,0,23,1220,1,2327,1
17031410700,4,1,6,483,0.408,794,0.369
17031410700,5,1,8,702,0.592,1360,0.631
17031410800,4,1,3,298,0.163,414,0.156
17031410800,5,1,16,1527,0.837,2248,0.844
17031410900,5,0,24,1758,1,2838,1
17031411000,5,0,38,2226,1,3309,1
17031411100,5,0,22,973,1,2132,1
17031411200,5,0,23,837,1,1640,1
17031420100,20,1,8,109,0.139,224,0.155
17031420100,5,1,19,677,0.861,1217,0.845
17031420200,20,0,19,761,1,1723,1
17031420300,20,0,12,730,1,2488,1
17031420400,20,0,17,864,1,1329,1
17031420500,20,0,30,1576,1,2624,1
17031420600,20,0,31,1150,1,2219,1
17031420700,20,0,77,1766,1,3261,1
17031420800,20,1,28,713,0.659,1523,0.688
17031420800,5,1,8,369,0.341,690,0.312
17031421200,20,1,28,752,0.986,1361,0.986
17031421200,6,1,3,11,0.014,19,0.014
17031430101,5,0,32,2044,1,3689,1
17031430102,5,0,18,1985,1,2963,1
17031430200,5,0,45,2634,1,4680,1
17031430300,5,0,47,1254,1,2336,1
17031430400,5,1,2,1,0.001,0,0
17031430400,7,1,15,259,0.178,454,0.157
17031430400,8,1,49,1193,0.821,2438,0.843
17031430500,5,1,10,927,0.415,1364,0.378
17031430500,7,1,27,1307,0.585,2240,0.622
17031430600,5,1,28,762,0.872,1495,0.898
17031430600,7,1,2,112,0.128,170,0.102
17031430700,7,0,16,1335,1,2210,1
17031430800,5,1,4,52,0.059,117,0.066
17031430800,7,1,33,714,0.811,1440,0.817
17031430800,8,1,3,114,0.13,206,0.117
17031430900,5,1,1,23,0.028,42,0.023
17031430900,7,1,10,250,0.299,545,0.3
17031430900,8,1,26,562,0.673,1227,0.676
17031431200,7,1,35,637,0.498,1511,0.491
17031431200,8,1,39,642,0.502,1567,0.509
17031431301,7,0,42,1871,1,3545,1
17031431302,7,0,45,2298,1,4166,1
17031431400,7,0,35,4026,1,6418,1
17031440101,8,0,39,2424,1,3746,1
17031440102,8,0,48,1987,1,3127,1
17031440201,6,1,56,2639,0.915,4633,0.916
17031440201,8,1,4,246,0.085,427,0.084
17031440202,6,1,54,1677,0.952,2852,0.951
17031440202,8,1,2,85,0.048,147,0.049
17031440300,6,0,108,2320,1,4757,1
17031440600,6,1,1,0,0,0,0
17031440600,9,1,64,852,1,2080,1
17031440700,6,1,9,161,0.239,396,0.256
17031440700,8,1,11,170,0.253,350,0.227
17031440700,9,1,16,342,0.508,799,0.517
17031440800,8,0,39,850,1,1800,1
17031440900,6,1,3,88,0.074,177,0.068
17031440900,8,1,26,481,0.403,1000,0.383
17031440900,9,1,47,626,0.524,1433,0.549
17031450300,7,1,1,0,0,0,0
17031450300,8,1,143,1577,1,3615,1
17031460100,10,1,13,0,0,0,0
17031460100,7,1,71,1702,1,3405,1
17031460200,10,1,43,1114,0.974,2332,0.978
17031460200,7,1,6,30,0.026,53,0.022
17031460301,10,1,27,643,0.464,1610,0.473
17031460301,7,1,26,742,0.536,1794,0.527
17031460302,10,1,3,49,0.029,120,0.032
17031460302,7,1,74,1626,0.971,3683,0.968
17031460400,7,0,64,1677,1,3705,1
17031460500,7,1,41,601,0.225,1338,0.231
17031460500,8,1,114,2066,0.775,4451,0.769
17031460600,7,0,22,464,1,1183,1
17031460700,10,0,32,1300,1,3314,1
17031461000,10,1,54,610,0.667,1148,0.767
17031461000,7,1,2,305,0.333,348,0.233
17031470100,8,0,98,1247,1,2916,1
17031480100,7,1,3,0,0,0,0
17031480100,8,1,72,937,1,2033,1
17031480200,8,0,35,621,1,1229,1
17031480300,8,0,46,645,1,1468,1
17031480400,7,1,95,1177,0.474,2888,0.491
17031480400,8,1,106,1305,0.526,2988,0.509
17031480500,10,1,43,159,0.129,434,0.135
17031480500,7,1,129,1071,0.871,2772,0.865
17031490300,9,0,57,956,1,2033,1
17031490400,9,0,33,454,1,1059,1
17031490500,9,0,68,828,1,2242,1
17031490600,21,1,70,599,0.974,1515,0.97
17031490600,9,1,4,16,0.026,47,0.03
17031490700,9,0,72,1077,1,3085,1
17031490800,9,0,130,1611,1,4007,1
17031490901,9,0,84,1798,1,3891,1
17031490902,9,0,152,2120,1,5086,1
17031491000,34,0,146,1950,1,5247,1
17031491100,34,0,146,1602,1,4514,1
17031491200,34,0,72,834,1,2444,1
17031491300,34,0,74,1036,1,2886,1
17031491400,9,0,80,1506,1,2931,1
17031500100,10,1,1,0,0,0,0
17031500100,8,1,118,1517,1,3644,1
17031500200,10,1,3,0,0,0,0
17031500200,9,1,48,931,1,2015,1
17031500300,9,0,53,937,1,1666,1
17031510100,10,0,135,1183,1,3530,1
17031510200,10,1,38,640,0.56,1662,0.557
17031510200,7,1,34,502,0.44,1324,0.443
17031510300,10,1,14,197,0.093,518,0.097
17031510300,7,1,109,1930,0.907,4841,0.903
17031510300,8,1,6,0,0,1,0
17031520100,10,0,94,672,1,2075,1
17031520200,10,0,76,1339,1,3817,1
17031520300,10,0,101,1902,1,6215,1
17031520400,10,0,73,1380,1,4090,1
17031520500,10,0,105,1530,1,4301,1
17031520600,10,0,67,826,1,2544,1
17031530100,9,0,74,958,1,2371,1
17031530200,34,0,218,2015,1,5152,1
17031530300,34,0,112,1631,1,4273,1
17031530400,34,0,86,784,1,2223,1
17031530501,34,1,90,1350,0.659,3550,0.657
17031530501,9,1,45,698,0.341,1852,0.343
17031530502,34,1,4,59,0.102,177,0.106
17031530502,9,1,43,519,0.898,1490,0.894
17031530503,34,1,105,1134,0.582,3057,0.572
17031530503,9,1,75,814,0.418,2288,0.428
17031530600,9,0,109,1304,1,3207,1
17031540101,9,0,78,1506,1,3373,1
17031540102,9,0,93,1257,1,3109,1
17031550100,10,0,250,2755,1,6628,1
17031550200,10,1,196,1107,1,2798,1
17031550200,9,1,2,0,0,0,0
17031560100,22,0,51,354,1,1473,1
17031560200,22,0,55,1155,1,1721,1
17031560300,22,0,66,949,1,3187,1
17031560400,14,0,35,434,1,1516,1
17031560700,14,1,39,651,0.509,1870,0.537
17031560700,23,1,41,627,0.491,1614,0.463
17031560800,14,1,82,1261,0.58,3387,0.626
17031560800,23,1,59,915,0.42,2024,0.374
17031560900,14,1,23,397,0.204,1048,0.206
17031560900,23,1,99,1549,0.796,4045,0.794
17031561000,13,1,51,1025,0.485,2658,0.515
17031561000,23,1,72,1090,0.515,2503,0.485
17031561100,13,1,73,1021,0.514,2772,0.513
17031561100,23,1,75,965,0.486,2635,0.487
17031570100,14,0,36,427,1,1257,1
17031570200,14,0,55,621,1,1943,1
17031570300,14,0,93,1858,1,6116,1
17031570400,14,0,35,570,1,1615,1
17031570500,14,1,9,6,0.008,14,0.006
17031570500,23,1,39,768,0.992,2448,0.994
17031580100,12,0,69,951,1,2989,1
17031580200,12,0,72,1013,1,3515,1
17031580300,12,0,31,740,1,2426,1
17031580400,14,0,78,1569,1,4795,1
17031580501,12,1,53,1306,0.783,4018,0.793
17031580501,15,1,14,361,0.217,1049,0.207
17031580502,14,1,4,135,0.083,494,0.092
17031580502,15,1,58,1487,0.917,4855,0.908
17031580600,12,1,28,712,0.418,2257,0.408
17031580600,15,1,31,993,0.582,3274,0.592
17031580700,12,1,22,884,0.48,2879,0.469
17031580700,15,1,33,958,0.52,3258,0.531
17031580800,15,0,16,592,1,2061,1
17031590500,12,0,42,677,1,1672,1
17031590600,12,0,41,1293,1,3564,1
17031590700,11,1,7,0,0,0,0
17031590700,12,1,44,1070,1,3100,1
17031600400,11,0,37,1618,1,3891,1
17031600600,11,0,50,1115,1,2738,1
17031600700,11,0,60,1128,1,2545,1
17031600900,11,0,58,1690,1,3699,1
17031610300,12,1,35,198,0.104,383,0.068
17031610300,15,1,50,1704,0.896,5275,0.932
17031610400,15,0,21,733,1,2213,1
17031610800,11,0,37,618,1,1393,1
17031611000,20,0,43,405,1,1098,1
17031611100,20,0,43,994,1,2922,1
17031611200,20,0,41,915,1,2824,1
17031611300,15,1,12,392,0.347,1173,0.33
17031611300,20,1,27,738,0.653,2383,0.67
17031611400,15,1,30,1201,1,4105,1
17031611400,20,1,2,0,0,0,0
17031611500,15,0,45,1125,1,3567,1
17031611600,16,0,41,585,1,1609,1
17031611700,16,0,40,759,1,1990,1
17031611800,16,0,38,874,1,2139,1
17031611900,16,1,15,267,0.31,648,0.317
17031611900,20,1,48,594,0.69,1397,0.683
17031612000,20,0,37,677,1,1545,1
17031612100,20,0,47,620,1,1470,1
17031620100,14,1,9,94,0.08,299,0.07
17031620100,23,1,76,1086,0.92,3990,0.93
17031620200,23,0,47,768,1,2223,1
17031620300,13,0,114,2006,1,6399,1
17031620400,13,1,16,303,0.23,1165,0.224
17031620400,23,1,48,1015,0.77,4033,0.776
17031630100,15,1,20,247,0.684,867,0.75
17031630100,16,1,10,114,0.316,289,0.25
17031630200,14,0,38,597,1,1931,1
17031630300,14,0,68,1377,1,5521,1
17031630400,14,0,79,1807,1,7083,1
17031630500,14,1,71,1631,0.991,6330,0.995
17031630500,15,1,3,14,0.009,34,0.005
17031630800,14,1,40,928,0.532,3645,0.513
17031630800,16,1,42,817,0.468,3462,0.487
17031630900,14,1,31,533,0.397,2142,0.399
17031630900,23,1,36,810,0.603,3221,0.601
17031640100,13,0,26,490,1,1211,1
17031640300,13,1,136,2346,0.968,6274,0.971
17031640300,23,1,5,77,0.032,189,0.029
17031640400,13,1,80,1092,0.865,2901,0.909
17031640400,23,1,15,171,0.135,289,0.091
17031640500,23,0,67,1558,1,3491,1
17031640600,13,1,61,1198,0.697,2937,0.751
17031640600,23,1,15,522,0.303,975,0.249
17031640700,13,0,69,1087,1,3156,1
17031640800,13,0,34,533,1,1716,1
17031650100,23,0,75,1293,1,4816,1
17031650200,13,1,59,1331,0.608,4428,0.605
17031650200,23,1,53,857,0.392,2892,0.395
17031650301,13,1,77,1467,0.933,5463,0.957
17031650301,23,1,9,105,0.067,248,0.043
17031650302,13,1,45,561,0.508,2298,0.529
17031650302,23,1,33,544,0.492,2046,0.471
17031650400,13,0,105,1687,1,6743,1
17031650500,13,1,71,1068,0.704,3597,0.814
17031650500,18,1,27,449,0.296,824,0.186
17031660301,16,0,24,641,1,1785,1
17031660302,16,0,56,1572,1,5527,1
17031660400,23,0,64,1514,1,5960,1
17031660500,13,1,1,0,0,0,0
17031660500,17,1,15,494,0.345,1457,0.263
17031660500,23,1,55,938,0.655,4077,0.737
17031660600,16,1,28,736,0.314,1852,0.292
17031660600,17,1,50,1607,0.686,4481,0.708
17031660700,16,1,38,491,0.677,1725,0.729
17031660700,17,1,15,234,0.323,641,0.271
17031660800,16,1,15,369,0.171,829,0.141
17031660800,17,1,59,1785,0.829,5036,0.859
17031660900,17,0,93,1794,1,4232,1
17031661000,17,1,19,242,0.113,703,0.123
17031661000,18,1,104,1893,0.887,5003,0.877
17031661100,13,1,1,0,0,0,0
17031661100,17,1,47,793,0.411,3262,0.499
17031661100,18,1,57,1135,0.589,3280,0.501
17031670100,16,1,42,615,1,1516,1
17031670100,20,1,2,0,0,0,0
17031670200,16,1,41,581,1,1380,1
17031670200,20,1,1,0,0,0,0
17031670300,15,1,17,337,0.531,781,0.554
17031670300,16,1,17,298,0.469,630,0.446
17031670400,15,1,42,695,1,1956,1
17031670400,16,1,2,0,0,0,0
17031670500,15,1,42,348,0.773,1056,0.799
17031670500,16,1,15,102,0.227,265,0.201
17031670600,15,1,32,445,0.805,1325,0.803
17031670600,16,1,7,108,0.195,325,0.197
17031670700,15,1,36,516,0.956,1447,0.97
17031670700,16,1,6,24,0.044,44,0.03
17031670800,16,0,49,710,1,1635,1
17031670900,16,0,39,648,1,1351,1
17031671100,16,0,27,478,1,1259,1
17031671200,15,1,25,478,0.978,1221,0.975
17031671200,16,1,3,11,0.022,31,0.025
17031671300,15,1,36,635,0.673,1899,0.706
17031671300,16,1,12,172,0.182,401,0.149
17031671300,17,1,12,137,0.145,388,0.144
17031671400,16,0,51,632,1,2072,1
17031671500,15,1,8,200,0.165,523,0.162
17031671500,16,1,11,102,0.084,210,0.065
17031671500,17,1,69,913,0.751,2488,0.772
17031671600,16,1,37,571,0.56,1394,0.559
17031671600,17,1,19,386,0.378,900,0.361
17031671600,6,1,5,63,0.062,201,0.081
17031671800,17,1,16,231,0.461,612,0.43
17031671800,6,1,19,270,0.539,810,0.57
17031671900,17,1,41,406,0.929,1279,0.928
17031671900,6,1,2,31,0.071,99,0.072
17031672000,17,0,76,1251,1,3735,1
17031680500,16,1,44,650,0.997,1481,1
17031680500,20,1,2,2,0.003,0,0
17031680600,16,0,47,697,1,1431,1
17031680900,16,1,4,0,0,0,0
17031680900,20,1,80,1823,0.837,3137,0.781
17031680900,6,1,27,356,0.163,882,0.219
17031681000,16,1,42,934,0.583,2057,0.588
17031681000,20,1,6,55,0.034,108,0.031
17031681000,6,1,27,614,0.383,1333,0.381
17031681100,16,1,15,244,0.148,570,0.162
17031681100,6,1,58,1406,0.852,2947,0.838
17031681200,6,0,61,1309,1,2716,1
17031681300,17,1,2,0,0,0,0
17031681300,6,1,51,1361,1,2936,1
17031681400,17,1,26,505,0.39,1318,0.406
17031681400,6,1,42,791,0.61,1929,0.594
17031690300,6,0,53,897,1,2191,1
17031690400,20,1,14,195,0.106,421,0.122
17031690400,6,1,61,1642,0.894,3043,0.878
17031690500,20,1,6,53,0.11,59,0.067
17031690500,6,1,24,427,0.89,818,0.933
17031690900,5,1,3,13,0.006,0,0
17031690900,6,1,70,2263,0.994,4520,1
17031691000,6,0,49,1325,1,2492,1
17031691100,6,0,78,1542,1,3266,1
17031691200,17,1,35,618,0.488,1314,0.462
17031691200,6,1,43,648,0.512,1533,0.538
17031691300,6,0,55,1161,1,2448,1
17031691400,6,0,77,1705,1,3611,1
17031691500,5,1,4,4,0.004,1,0.001
17031691500,8,1,58,945,0.996,1929,0.999
17031700100,18,0,116,1074,1,3427,1
17031700200,13,1,3,1,0.001,4,0.001
17031700200,18,1,66,1831,0.999,6605,0.999
17031700301,18,0,47,1685,1,5728,1
17031700302,18,0,134,1784,1,5319,1
17031700401,18,0,166,1876,1,5923,1
17031700402,18,0,94,1260,1,3914,1
17031700501,18,0,207,2479,1,7125,1
17031700502,18,0,62,1070,1,3036,1
17031710100,17,1,10,269,0.414,401,0.315
17031710100,6,1,15,381,0.586,874,0.685
17031710200,17,0,68,2264,1,5049,1
17031710300,17,0,30,612,1,1414,1
17031710400,17,1,78,1659,0.761,4209,0.745
17031710400,18,1,28,521,0.239,1442,0.255
17031710500,17,1,36,944,0.497,2155,0.523
17031710500,18,1,11,140,0.074,334,0.081
17031710500,21,1,18,817,0.43,1634,0.396
17031710600,17,1,4,54,0.066,96,0.052
17031710600,21,1,23,766,0.934,1742,0.948
17031710700,17,1,15,255,0.165,433,0.121
17031710700,21,1,40,1293,0.835,3150,0.879
17031710800,17,1,46,1035,0.44,2337,0.438
17031710800,21,1,45,1315,0.56,3001,0.562
17031710900,17,1,11,103,0.119,214,0.097
17031710900,21,1,64,763,0.881,1984,0.903
17031711000,21,0,71,1414,1,3475,1
17031711100,21,0,67,1123,1,2835,1
17031711200,17,1,15,209,0.1,610,0.119
17031711200,18,1,34,424,0.202,1032,0.201
17031711200,21,1,91,1462,0.698,3503,0.681
17031711300,21,0,47,644,1,1626,1
17031711400,21,0,85,958,1,2654,1
17031711500,21,0,83,926,1,2539,1
17031720100,19,0,78,1237,1,3300,1
17031720200,19,1,66,1505,0.92,3664,0.912
17031720200,34,1,7,131,0.08,352,0.088
17031720300,19,0,101,1354,1,3723,1
17031720400,19,0,50,732,1,1924,1
17031720500,19,0,74,809,1,2166,1
17031720600,19,0,60,645,1,1756,1
17031720700,19,1,47,1496,0.996,3138,0.997
17031720700,34,1,1,6,0.004,11,0.003
17031730100,21,0,64,952,1,2424,1
17031730201,21,0,118,2642,1,5941,1
17031730202,21,0,94,1111,1,3115,1
17031730300,21,0,34,465,1,1166,1
17031730400,21,1,60,1083,0.795,2854,0.812
17031730400,34,1,46,280,0.205,660,0.188
17031730500,21,1,57,649,0.39,1619,0.369
17031730500,34,1,49,498,0.299,1314,0.299
17031730500,9,1,64,517,0.311,1455,0.332
17031730600,34,0,114,1355,1,3614,1
17031730700,34,0,71,813,1,2331,1
17031740100,19,0,91,1277,1,3048,1
17031740200,19,0,70,2287,1,6547,1
17031740300,19,0,104,1834,1,4713,1
17031740400,19,0,78,1976,1,4785,1
17031750100,19,1,7,101,0.063,180,0.043
17031750100,34,1,101,1491,0.937,3967,0.957
17031750200,19,1,58,1358,0.994,3210,0.995
17031750200,34,1,3,8,0.006,17,0.005
17031750300,19,0,65,993,1,2530,1
17031750400,19,0,99,1217,1,3009,1
17031750500,19,1,65,1573,0.677,3807,0.641
17031750500,34,1,61,750,0.323,2129,0.359
17031750600,34,0,141,1458,1,3681,1
17031760801,41,0,34,2349,1,4047,1
17031760802,38,1,50,1206,1,2276,1
17031760802,41,1,2,0,0,0,0
17031760803,41,0,30,2989,1,6236,1
17031770500,41,1,2,0,0,0,0
17031770602,41,1,10,0,0,0,0
17031770700,41,1,23,0,0,0,0
17031770800,41,1,2,0,0,0,0
17031770902,41,1,2,132,0.081,196,0.056
17031810400,41,1,15,149,0.072,281,0.053
17031821402,34,1,7,6,0.004,11,0.003
17031823304,19,1,2,9,0.003,14,0.002
17031830500,12,1,2,0,0,0,0
17031830500,14,1,11,0,0,0,0
17031830500,22,1,91,1268,1,4660,1
17031830600,40,1,28,815,0.367,1704,0.34
17031830600,49,1,34,1404,0.633,3301,0.66
17031830600,50,1,2,0,0,0,0
17031830700,46,0,31,1847,1,4247,1
17031830800,47,0,27,1470,1,2391,1
17031830900,1,1,28,166,0.121,365,0.127
17031830900,32,1,62,1203,0.879,2512,0.873
17031831000,2,1,5,78,0.067,121,0.057
17031831000,32,1,45,1081,0.933,2017,0.943
17031831100,30,1,80,2476,0.835,6099,0.818
17031831100,35,1,25,488,0.165,1354,0.182
17031831200,26,1,10,293,0.189,850,0.169
17031831200,35,1,44,1124,0.726,3720,0.741
17031831200,36,1,9,131,0.085,451,0.09
17031831300,36,1,2,0,0,0,0
17031831300,37,1,40,396,1,1280,1
17031831400,24,1,25,97,0.085,256,0.086
17031831400,29,1,83,1046,0.915,2708,0.914
17031831500,29,1,1,54,0.04,97,0.024
17031831500,36,1,64,1288,0.96,3982,0.976
17031831600,29,1,44,989,0.372,2304,0.317
17031831600,36,1,77,1670,0.628,4966,0.683
17031831700,30,1,22,530,0.679,1451,0.699
17031831700,39,1,1,0,0,0,0
17031831700,45,1,35,251,0.321,624,0.301
17031831800,33,1,6,110,0.046,184,0.029
17031831800,39,1,85,2266,0.952,6121,0.968
17031831800,40,1,2,5,0.002,17,0.003
17031831900,44,1,20,776,0.507,1443,0.531
17031831900,47,1,25,754,0.493,1274,0.469
17031832000,44,0,21,1008,1,1798,1
17031832100,46,0,31,2030,1,3297,1
17031832200,32,0,81,1626,1,2940,1
17031832300,2,1,9,0,0,0,0
17031832300,32,1,79,969,1,1870,1
17031832400,1,0,38,1394,1,3181,1
17031832500,2,1,64,1252,0.822,2588,0.718
17031832500,32,1,8,13,0.009,30,0.008
17031832500,43,1,9,259,0.17,988,0.274
17031832600,2,1,18,194,0.097,333,0.089
17031832600,43,1,40,1813,0.903,3394,0.911
17031832900,28,0,47,1239,1,2212,1
17031833000,25,1,12,552,0.321,865,0.313
17031833000,27,1,179,1167,0.679,1903,0.688
17031833100,25,1,43,2119,0.503,3436,0.498
17031833100,27,1,31,977,0.232,1406,0.204
17031833100,28,1,16,1117,0.265,2053,0.298
17031833300,11,1,1,102,0.089,248,0.109
17031833300,25,1,38,1038,0.911,2030,0.891
17031833900,10,1,54,1067,0.999,2712,0.999
17031833900,7,1,1,1,0.001,2,0.001
17031834000,21,0,74,1488,1,3632,1
17031834200,5,1,26,278,0.112,556,0.112
17031834200,8,1,86,2203,0.888,4388,0.888
17031834300,5,1,10,0,0,0,0
17031834300,8,1,161,2718,1,6570,1
17031834400,20,1,30,1134,0.601,2355,0.624
17031834400,5,1,16,752,0.399,1417,0.376
17031834500,20,1,27,588,0.85,1230,0.834
17031834500,3,1,8,104,0.15,245,0.166
17031834600,20,1,148,1314,0.81,2991,0.792
17031834600,3,1,26,308,0.19,787,0.208
17031834700,16,1,30,481,0.435,1035,0.498
17031834700,20,1,49,624,0.565,1043,0.502
17031834800,16,1,56,921,0.882,1644,0.842
17031834800,20,1,8,123,0.118,309,0.158
17031834900,16,1,14,276,0.268,551,0.243
17031834900,17,1,19,482,0.469,1001,0.441
17031834900,6,1,15,270,0.263,720,0.317
17031835000,16,0,88,2229,1,5778,1
17031835100,15,1,45,634,0.438,2330,0.434
17031835100,16,1,50,814,0.562,3039,0.566
17031835200,14,1,49,707,0.992,2051,0.996
17031835200,23,1,14,6,0.008,9,0.004
17031835500,11,1,1,0,0,0,0
17031835500,3,1,105,983,1,1677,1
17031835600,3,0,67,550,1,1199,1
17031835700,3,0,7,108,1,0,0
17031835800,3,0,27,824,1,1576,1
17031835900,3,0,61,1755,1,3271,1
17031836000,3,1,40,693,0.633,1429,0.656
17031836000,4,1,22,401,0.367,748,0.344
17031836100,3,1,19,830,1,1761,1
17031836100,4,1,3,0,0,0,0
17031836200,5,0,28,297,1,1529,1
17031836300,4,1,2,126,0.176,262,0.203
17031836300,5,1,11,589,0.824,1026,0.797
17031836400,4,0,68,1658,1,2979,1
17031836500,4,0,33,657,1,1496,1
17031836600,26,1,31,786,0.66,1819,0.607
17031836600,27,1,35,405,0.34,1178,0.393
17031836700,26,1,3,1,0.001,2,0.001
17031836700,27,1,74,957,0.999,2395,0.999
17031836700,28,1,10,0,0,0,0
17031836800,28,0,42,1262,1,2661,1
17031836900,27,1,6,233,0.389,558,0.387
17031836900,28,1,9,366,0.611,884,0.613
17031837000,27,0,55,944,1,2085,1
17031837100,27,0,62,948,1,1819,1
17031837300,24,1,30,689,0.771,1972,0.794
17031837300,28,1,10,205,0.229,511,0.206
17031837400,27,1,27,571,0.673,1369,0.601
17031837400,28,1,40,277,0.327,910,0.399
17031837800,27,0,75,1175,1,2796,1
17031838000,27,1,62,1272,0.909,2305,0.9
17031838000,28,1,8,127,0.091,256,0.1
17031838100,27,1,72,840,0.606,1006,0.587
17031838100,28,1,4,547,0.394,707,0.413
17031838200,27,1,59,20,0.04,576,0.365
17031838200,28,1,28,480,0.96,1002,0.635
17031838300,27,0,32,839,1,1631,1
17031838600,24,1,6,261,0.403,433,0.271
17031838600,28,1,23,386,0.597,1165,0.729
17031838700,24,0,87,1918,1,4484,1
17031838800,10,1,224,618,0.493,1687,0.522
17031838800,7,1,24,635,0.507,1546,0.478
17031839000,25,1,5,1115,0.228,1505,0.206
17031839000,4,1,24,3776,0.772,5806,0.794
17031839100,25,1,27,689,0.214,347,0.08
17031839100,4,1,24,868,0.27,1664,0.383
17031839100,42,1,118,1658,0.516,2339,0.538
17031839200,3,1,24,457,0.277,660,0.259
17031839200,4,1,13,1194,0.723,1885,0.741
17031839500,3,1,5,594,0.633,881,0.57
17031839500,4,1,12,344,0.367,664,0.43
17031839600,3,1,26,810,0.812,1625,0.832
17031839600,4,1,5,187,0.188,327,0.168
17031839700,11,0,60,2023,1,4326,1
17031839800,11,0,30,1229,1,2730,1
17031839900,11,0,94,1872,1,4080,1
17031840000,11,0,47,1060,1,2695,1
17031840100,11,0,42,1124,1,2935,1
17031840200,11,0,61,890,1,2338,1
17031840300,12,1,51,793,0.606,2255,0.571
17031840300,25,1,38,516,0.394,1695,0.429
17031840400,12,1,82,1220,1,3326,1
17031840400,25,1,12,0,0,0,0
17031840700,12,1,36,1114,0.795,3353,0.789
17031840700,24,1,10,287,0.205,896,0.211
17031840700,28,1,1,0,0,0,0
17031840800,12,1,13,354,0.349,1250,0.336
17031840800,22,1,20,660,0.651,2466,0.664
17031841000,3,1,46,478,0.637,480,0.565
17031841000,4,1,37,272,0.363,369,0.435
17031841100,11,1,39,484,0.167,1393,0.192
17031841100,25,1,93,2414,0.833,5861,0.808
17031841100,3,1,3,0,0,0,0
17031841200,25,1,52,1900,0.994,5245,0.997
17031841200,28,1,13,11,0.006,17,0.003
17031841300,25,1,111,1752,1,4463,1
17031841300,28,1,1,0,0,0,0
17031841400,24,0,31,611,1,1559,1
17031841500,24,0,64,1230,1,2962,1
17031841600,24,0,26,388,1,1166,1
17031841700,24,0,26,866,1,1442,1
17031841800,5,1,69,987,0.832,2085,0.832
17031841800,8,1,18,200,0.168,420,0.168
17031841900,11,1,84,933,0.537,3617,0.743
17031841900,25,1,101,803,0.463,1248,0.257
17031842000,3,1,26,286,0.757,2579,0.94
17031842000,4,1,5,92,0.243,165,0.06
17031842100,28,1,12,0,0,0,0
17031842100,37,1,99,2373,1,6731,1
17031842200,2,1,9,213,0.125,207,0.08
17031842200,27,1,73,1497,0.875,2396,0.92
17031842300,2,1,43,164,0.096,318,0.098
17031842300,27,1,102,1081,0.635,2135,0.658
17031842300,32,1,16,139,0.082,246,0.076
17031842300,42,1,6,319,0.187,545,0.168
17031842400,17,1,69,907,0.632,2081,0.63
17031842400,21,1,81,527,0.368,1223,0.37
17031842400,6,1,9,0,0,0,0
17031842500,20,1,57,819,0.918,2313,0.944
17031842500,6,1,2,73,0.082,138,0.056
17031842600,11,1,138,1282,0.77,3114,0.753
17031842600,15,1,15,272,0.163,708,0.171
17031842600,20,1,12,82,0.049,245,0.059
17031842600,3,1,2,30,0.018,66,0.016
17031842800,14,1,36,334,0.142,974,0.13
17031842800,15,1,62,2025,0.858,6524,0.87
17031842900,25,1,27,768,0.636,1756,0.75
17031842900,28,1,132,440,0.364,585,0.25
17031843000,24,0,85,1148,1,2378,1
17031843100,12,1,2,1,0.001,1,0.001
17031843100,24,1,52,733,0.999,1891,0.999
17031843200,11,1,16,29,0.03,43,0.015
17031843200,25,1,104,929,0.97,2737,0.985
17031843300,28,0,50,429,1,1228,1
17031843400,22,0,45,616,1,1451,1
17031843500,12,1,46,329,1,1199,0.106
17031843500,24,1,5,0,0,10110,0.894
17031843600,4,0,45,1409,1,2807,1
17031843700,32,1,29,527,0.528,1071,0.506
17031843700,33,1,7,70,0.07,127,0.06
17031843700,47,1,26,402,0.402,919,0.434
17031843800,11,1,34,361,0.411,880,0.417
17031843800,20,1,38,383,0.436,782,0.371
17031843800,3,1,20,135,0.154,448,0.212
17031843900,20,1,11,76,0.033,111,0.031
17031843900,5,1,46,2201,0.967,3422,0.969
17031980000,41,1,78,0,0,0,0
17031980100,13,1,8,0,0,0,0
17031980100,23,1,3,0,0,0,0
